id	sentence1	sentence2	label
1	1560 년 10 월 파리에서 그는 비밀리에 영국 대사 인 니콜라스 트록 모튼을 만났고 스코틀랜드를 통해 영국으로 돌아갈 여권을 요구했다.	1560 년 10 월 그는 파리의 니콜라스 스록 모튼 (Nicolas Throckmorton) 대사와 비밀리에 만나 영국에있는 스코틀랜드로 돌아갈 여권을 요청했다.	0
2	1975 년부터 76 년까지 NBA 시즌은 전국 농구 협회 (National Basketball Association)의 30 번째 시즌이었다.	National Basketball Association의 1975 - 76 시즌은 NBA의 30 번째 시즌이었다.	1
3	구체적인 토론, 공개 프로필 토론 및 프로젝트 토론도 있습니다.	공개 토론, 프로필 토론, 프로젝트 토론 등이 있습니다.	0
4	비교할 수있는 유량 비율을 유지할 수 있으면 결과가 높습니다.	비교 가능한 유속을 유지할 수있을 때 그 결과가 높습니다.	1
5	Akmola 지역에있는 Zerendi 지구의 좌석입니다.	Akmola 지역의 Zerendi 지구의 좌석입니다.	1
6	윌리엄 헨리 헨리 하먼은 1828 년 2 월 17 일 웨인스 보로에서 태어 났으며, 그의 부모는 루이스와 샐리 (가버) 하먼이었다.	William Henry Harman은 1828 년 2 월 17 일 버지니아 주 웨인스 보로에서 태어났습니다. 그의 부모님은 Lewis와 Sally (Garber) Harman이었습니다.	1
7	Bullion Express - 텍사스 주 Dallas에 Preston Center가 개설 됨으로써 컨셉이 새로 도입되었습니다.	2011-DGSE 금괴 익스프레스 컨셉 소개, 텍사스 달라스의 프레스턴 센터에 새 매장 개설	0
8	조건식 2 및 수식 3을 갖는 임의의 확률의 수식 1을 실수로 사용하면 Tsallis는 다음과 같이 엔트로피로 정의됩니다.	조건 수식 _2와 수식 _3의 임의의 실수에 대한 확률 수식 _1의 개별 세트가 주어지면, Tsallis 엔트로피는 다음과 같이 정의됩니다.	1
9	소련은 오슬로에 대사관을, 바 렌츠 버그에 영사관을, 노르웨이는 모스크바에 메시지를 남겼다.	소련은 모스크바에 대사관을, 바 렌츠 버그에 영사관을, 노르웨이는 오슬로에 메시지를 남겼다.	0
